USE [bizagi]
GO
/****** Object:  Table [dbo].[Accounts]    Script Date: 03/26/2014 19:17:26 ******/
SET ANSI_NULLS ON
GO
SET QUOTED_IDENTIFIER ON
GO
CREATE TABLE [dbo].[Accounts](
	[Id] [uniqueidentifier] NOT NULL,
	[Balance] [float] NOT NULL,
 CONSTRAINT [PK_dbo.Accounts] PRIMARY KEY CLUSTERED 
(
	[Id] ASC
)WITH (PAD_INDEX  = OFF, STATISTICS_NORECOMPUTE  = OFF, IGNORE_DUP_KEY = OFF, ALLOW_ROW_LOCKS  = ON, ALLOW_PAGE_LOCKS  = ON) ON [PRIMARY]
) ON [PRIMARY]
GO
UPDATE STATISTICS [dbo].[Accounts]([PK_dbo.Accounts]) WITH STATS_STREAM = 0x01000000010000000000000000000000B6624F900000000040000000000000000000000000000000240373002400000010000000000000000000000067007200, ROWCOUNT = 1, PAGECOUNT = 1
GO
INSERT [dbo].[Accounts] ([Id], [Balance]) VALUES (N'3a0b6f99-98c2-4c8d-aaaf-ce310afb4678', 0)
/****** Object:  Table [dbo].[ApplicationLogStatus]    Script Date: 03/26/2014 19:17:26 ******/
SET ANSI_NULLS ON
GO
SET QUOTED_IDENTIFIER ON
GO
CREATE TABLE [dbo].[ApplicationLogStatus](
	[Id] [uniqueidentifier] NOT NULL,
	[Name] [nvarchar](max) NOT NULL,
	[Description] [nvarchar](max) NOT NULL,
 CONSTRAINT [PK_dbo.ApplicationLogStatus] PRIMARY KEY CLUSTERED 
(
	[Id] ASC
)WITH (PAD_INDEX  = OFF, STATISTICS_NORECOMPUTE  = OFF, IGNORE_DUP_KEY = OFF, ALLOW_ROW_LOCKS  = ON, ALLOW_PAGE_LOCKS  = ON) ON [PRIMARY]
) ON [PRIMARY]
GO
UPDATE STATISTICS [dbo].[ApplicationLogStatus]([PK_dbo.ApplicationLogStatus]) WITH STATS_STREAM = 0x010000000100000000000000000000007DE0E9F90000000040000000000000000000000000000000240300002400000010000000000000000000000000000000, ROWCOUNT = 5, PAGECOUNT = 1
GO
INSERT [dbo].[ApplicationLogStatus] ([Id], [Name], [Description]) VALUES (N'1eba626c-bfc9-4ea3-b9e7-03c2fd844282', N'Created', N'Создана')
INSERT [dbo].[ApplicationLogStatus] ([Id], [Name], [Description]) VALUES (N'014ccd38-8eb5-45c7-8a51-64a7a286b8e9', N'Denied', N'Отказано')
INSERT [dbo].[ApplicationLogStatus] ([Id], [Name], [Description]) VALUES (N'f7ac0379-dfa4-4f42-9182-82a5eb5e3221', N'UnderApproval', N'На стадии одобрения')
INSERT [dbo].[ApplicationLogStatus] ([Id], [Name], [Description]) VALUES (N'cc6bfa41-ccc0-4710-9112-82d76690ecf3', N'Paid', N'Оплачено')
INSERT [dbo].[ApplicationLogStatus] ([Id], [Name], [Description]) VALUES (N'36ca3346-0b05-47ba-8754-99a57d32ac08', N'Approved', N'Одобрено')
/****** Object:  Table [dbo].[IdentityRoles]    Script Date: 03/26/2014 19:17:26 ******/
SET ANSI_NULLS ON
GO
SET QUOTED_IDENTIFIER ON
GO
CREATE TABLE [dbo].[IdentityRoles](
	[Id] [nvarchar](128) NOT NULL,
	[Name] [nvarchar](max) NULL,
	[Priority] [int] NULL,
	[Description] [nvarchar](max) NULL,
	[Discriminator] [nvarchar](128) NOT NULL,
 CONSTRAINT [PK_dbo.IdentityRoles] PRIMARY KEY CLUSTERED 
(
	[Id] ASC
)WITH (PAD_INDEX  = OFF, STATISTICS_NORECOMPUTE  = OFF, IGNORE_DUP_KEY = OFF, ALLOW_ROW_LOCKS  = ON, ALLOW_PAGE_LOCKS  = ON) ON [PRIMARY]
) ON [PRIMARY]
GO
CREATE STATISTICS [_WA_Sys_00000002_226010D3] ON [dbo].[IdentityRoles]([Name]) WITH STATS_STREAM = 0x0100000001000000000000000000000029BF07B000000000F202000000000000B202000000000000E7020000E7000000FFFF00000000000015D00000000000000700000097D53801FAA2000004000000000000000400000000000000000000000000803E00000000000000000000000000000000000000000000000000000000000000000000000000000000000000000000000000000000000000000000000000000000000000000000000000000000000000000000000000000000000000000000000000000000000000000000000000000000000000000000000000000000000000000400000004000000010000001000000000007841000080400000000000007841000000000000000000000000000000000000000000000000000000000000000000000000000000000000000000000000000000000000000000000000000000000000000000000000000000000000000000000000000000000000000000000000000000000000000000000000000000000000000000000000000000000000000013000000000000000000000000000000BA000000000000003E01000000000000460100000000000020000000000000004B000000000000006C000000000000009300000000000000300010000000803F000000000000803F04000001002B004100630063006F0075006E00740061006E007400300010000000803F000000000000803F04000001002100410064006D0069006E00300010000000803F000000000000803F040000010027004400690072006500630074006F007200300010000000803F000000000000803F0400000100270045006D0070006C006F00790065006500FF01000000000000000400000004000000280000002800000000000000000000001E0000004100630063006F0075006E00740061006E00740064006D0069006E004400690072006500630074006F00720045006D0070006C006F00790065006500060000004000000000C001000000810901000001040A000081080E00000108160000000400000000000000
GO
CREATE STATISTICS [_WA_Sys_00000005_226010D3] ON [dbo].[IdentityRoles]([Discriminator]) WITH STATS_STREAM = 0x01000000010000000000000000000000683D34910000000043020000000000000302000000000000E7036B07E7000000000100000000000015D00000FFFFFFFF070000008FD53801FAA2000004000000000000000400000000000000000000000000803F0000000000000000000000000000000000000000000000000000000000000000000000000000000000000000000000000000000000000000000000000000000000000000000000000000000000000000000000000000000000000000000000000000000000000000000000000000000000000000000000000000000000000000010000000100000001000000100000000000F04100008040000000000000F0410000000000000000000000000000000000000000000000000000000000000000000000000000000000000000000000000000000000000000000000000000000000000000000000000000000000000000000000000000000000000000000000000000000000000000000000000000000000000000000000000000000000000000130000000000000000000000000000003D000000000000008F00000000000000970000000000000008000000000000003000100000008040000000000000803F040000010035004100700070006C00690063006100740069006F006E0052006F006C006500FF01000000000000000400000001000000280000002800000000000000000000000F0000004100700070006C00690063006100740069006F006E0052006F006C006500020000004000000000040F000000000400000000000000
GO
UPDATE STATISTICS [dbo].[IdentityRoles]([PK_dbo.IdentityRoles]) WITH STATS_STREAM = 0x01000000010000000000000000000000383E7A400000000040000000000000000000000000000000E7038040E7000000000100000000000015D0000000000000, ROWCOUNT = 4, PAGECOUNT = 1
GO
INSERT [dbo].[IdentityRoles] ([Id], [Name], [Priority], [Description], [Discriminator]) VALUES (N'114e79c0-3da6-47a2-9e56-9befde3f86ca', N'Admin', 0, N'Admin', N'ApplicationRole')
INSERT [dbo].[IdentityRoles] ([Id], [Name], [Priority], [Description], [Discriminator]) VALUES (N'13b76d90-6479-4bcf-81e7-8023436cdc19', N'Accountant', 1, N'Бухгалтер', N'ApplicationRole')
INSERT [dbo].[IdentityRoles] ([Id], [Name], [Priority], [Description], [Discriminator]) VALUES (N'd2abfecc-818d-4c72-aa91-8b317d8487d1', N'Director', 2, N'Директор', N'ApplicationRole')
INSERT [dbo].[IdentityRoles] ([Id], [Name], [Priority], [Description], [Discriminator]) VALUES (N'd3bb5e57-899d-4ff8-ab83-c7c54595e3f4', N'Employee', 0, N'Сотрудник', N'ApplicationRole')
/****** Object:  Table [dbo].[ProductCategories]    Script Date: 03/26/2014 19:17:26 ******/
SET ANSI_NULLS ON
GO
SET QUOTED_IDENTIFIER ON
GO
CREATE TABLE [dbo].[ProductCategories](
	[Id] [uniqueidentifier] NOT NULL,
	[Name] [nvarchar](max) NOT NULL,
 CONSTRAINT [PK_dbo.ProductCategories] PRIMARY KEY CLUSTERED 
(
	[Id] ASC
)WITH (PAD_INDEX  = OFF, STATISTICS_NORECOMPUTE  = OFF, IGNORE_DUP_KEY = OFF, ALLOW_ROW_LOCKS  = ON, ALLOW_PAGE_LOCKS  = ON) ON [PRIMARY]
) ON [PRIMARY]
GO
UPDATE STATISTICS [dbo].[ProductCategories]([PK_dbo.ProductCategories]) WITH STATS_STREAM = 0x010000000100000000000000000000002E9277620000000040000000000000000000000000000000240300002400000010000000000000000000000008018019, ROWCOUNT = 5, PAGECOUNT = 1
GO
INSERT [dbo].[ProductCategories] ([Id], [Name]) VALUES (N'cbd88c79-cf92-43e7-96a3-061bd42a3405', N'Праздники')
INSERT [dbo].[ProductCategories] ([Id], [Name]) VALUES (N'93012063-6d2e-4069-85c4-0fbe4428a89e', N'Еда')
INSERT [dbo].[ProductCategories] ([Id], [Name]) VALUES (N'b4bee6e1-a2ca-4a9a-a1b1-66a02318b33f', N'Оргтехника')
INSERT [dbo].[ProductCategories] ([Id], [Name]) VALUES (N'3c6b2561-5587-4e0a-9918-d5a01e29ccbd', N'Канцтовары')
INSERT [dbo].[ProductCategories] ([Id], [Name]) VALUES (N'63d7a8bf-b822-4dac-b9ae-e2b4b205ff87', N'Сырьё')
/****** Object:  Table [dbo].[IdentityUsers]    Script Date: 03/26/2014 19:17:26 ******/
SET ANSI_NULLS ON
GO
SET QUOTED_IDENTIFIER ON
GO
CREATE TABLE [dbo].[IdentityUsers](
	[Id] [nvarchar](128) NOT NULL,
	[UserName] [nvarchar](max) NULL,
	[PasswordHash] [nvarchar](max) NULL,
	[SecurityStamp] [nvarchar](max) NULL,
	[Discriminator] [nvarchar](128) NOT NULL,
 CONSTRAINT [PK_dbo.IdentityUsers] PRIMARY KEY CLUSTERED 
(
	[Id] ASC
)WITH (PAD_INDEX  = OFF, STATISTICS_NORECOMPUTE  = OFF, IGNORE_DUP_KEY = OFF, ALLOW_ROW_LOCKS  = ON, ALLOW_PAGE_LOCKS  = ON) ON [PRIMARY]
) ON [PRIMARY]
GO
CREATE STATISTICS [_WA_Sys_00000002_1ABEEF0B] ON [dbo].[IdentityUsers]([UserName]) WITH STATS_STREAM = 0x0100000001000000000000000000000062088DD2000000001B02000000000000DB01000000000000E7026B07E7000000FFFF00000000000015D0000000000000070000009AD53801FAA2000001000000000000000100000000000000000000000000803F000000000000000000000000000000000000000000000000000000000000000000000000000000000000000000000000000000000000000000000000000000000000000000000000000000000000000000000000000000000000000000000000000000000000000000000000000000000000000000000000000000000000000001000000010000000100000010000000000020410000803F0000000000002041000000000000000000000000000000000000000000000000000000000000000000000000000000000000000000000000000000000000000000000000000000000000000000000000000000000000000000000000000000000000000000000000000000000000000000000000000000000000000000000000000000000000000013000000000000000000000000000000290000000000000067000000000000006F000000000000000800000000000000300010000000803F000000000000803F04000001002100610064006D0069006E00FF010000000000000001000000010000002800000028000000000000000000000005000000610064006D0069006E000200000040000000000105000000000100000000000000
GO
CREATE STATISTICS [_WA_Sys_00000005_1ABEEF0B] ON [dbo].[IdentityUsers]([Discriminator]) WITH STATS_STREAM = 0x01000000010000000000000000000000579213250000000043020000000000000302000000000000E7030000E7000000000100000000000015D00000000000000700000099D53801FAA2000001000000000000000100000000000000000000000000803F0000000000000000000000000000000000000000000000000000000000000000000000000000000000000000000000000000000000000000000000000000000000000000000000000000000000000000000000000000000000000000000000000000000000000000000000000000000000000000000000000000000000000000010000000100000001000000100000000000F0410000803F000000000000F0410000000000000000000000000000000000000000000000000000000000000000000000000000000000000000000000000000000000000000000000000000000000000000000000000000000000000000000000000000000000000000000000000000000000000000000000000000000000000000000000000000000000000000130000000000000000000000000000003D000000000000008F0000000000000097000000000000000800000000000000300010000000803F000000000000803F040000010035004100700070006C00690063006100740069006F006E005500730065007200FF01000000000000000100000001000000280000002800000000000000000000000F0000004100700070006C00690063006100740069006F006E005500730065007200020000004000000000010F000000000100000000000000
GO
UPDATE STATISTICS [dbo].[IdentityUsers]([PK_dbo.IdentityUsers]) WITH STATS_STREAM = 0x01000000010000000000000000000000D3CBA2240000000040000000000000000000000000000000E703803FE7000000000100000000000015D0000000000000, ROWCOUNT = 10, PAGECOUNT = 1
GO
INSERT [dbo].[IdentityUsers] ([Id], [UserName], [PasswordHash], [SecurityStamp], [Discriminator]) VALUES (N'02b41a15-ea58-4c37-8326-4cadef2a263e', N'accountant2', N'AGFedIML2ofvTo9/wp0TA7y6Uehy1P9hLnvrw/sHfgycdFJ5zfgMepHcNCvj1iKc0A==', N'cfaea8a0-b07e-4f87-b0d3-afefb45a6c6e', N'ApplicationUser')
INSERT [dbo].[IdentityUsers] ([Id], [UserName], [PasswordHash], [SecurityStamp], [Discriminator]) VALUES (N'34389ef2-dae4-4d8c-97ae-35b20af976be', N'director2', N'ADVBHHkyxXiZsl7wtjNXo/1/ObHQS1bqfe2qkzsbTnodJIXPO0B/85buNcUFmvnUnA==', N'5ae7f683-7b62-4f3a-9479-74151b538568', N'ApplicationUser')
INSERT [dbo].[IdentityUsers] ([Id], [UserName], [PasswordHash], [SecurityStamp], [Discriminator]) VALUES (N'408b76cc-5fc5-4aee-ae10-c1b4206dd8bb', N'admin', N'ALHEFbGkm6MH8+JOVczPN9JX/4ozUCpY0X/zgr5atTC1hryJnxc36K99lw8yRQ20Kg==', N'aaedd4a5-7395-4c95-b691-54f59aad4767', N'ApplicationUser')
INSERT [dbo].[IdentityUsers] ([Id], [UserName], [PasswordHash], [SecurityStamp], [Discriminator]) VALUES (N'55855b0a-8366-467e-8d8d-bf47e8c644ee', N'user3', N'AD/aho63yOqvyW9pcCXp5QCz5CVF6lNMT9+JN/L1Y3GnYH3NASg3S1chDU/4+U5pSw==', N'7fa76987-04c0-4db0-bec4-08f069171862', N'ApplicationUser')
INSERT [dbo].[IdentityUsers] ([Id], [UserName], [PasswordHash], [SecurityStamp], [Discriminator]) VALUES (N'70cbeec5-ab0b-419d-b3cc-51bf09801108', N'accountant', N'AJ4t2hgZmaAGUJZyhOp+rR9bAztFFa+V1WHFmYS61t4/nuUe36M+Kubdq3XLQQX7YA==', N'2adef44b-4f58-419c-a0bd-bff230d59c8b', N'ApplicationUser')
INSERT [dbo].[IdentityUsers] ([Id], [UserName], [PasswordHash], [SecurityStamp], [Discriminator]) VALUES (N'82d0ecc9-f110-4d58-a56d-9f05555e3765', N'director', N'APLFPveBaWY+rWWCrVUKTyqM7Qe10W0wD2r5Xd0JBVHKmJoxZdIu72VcutiEZ0MYUg==', N'7bb99233-fad4-4682-a8cd-76478ccff8e5', N'ApplicationUser')
INSERT [dbo].[IdentityUsers] ([Id], [UserName], [PasswordHash], [SecurityStamp], [Discriminator]) VALUES (N'a1eadc3b-982e-4e80-bb22-f7db9860b81c', N'user', N'ANW0uWTPsfHcg0QIyCXYwyyqfuqSZvFi0BKMbNXScXAQZcd/KCd5hinIYnn+x8yzUA==', N'4ee71293-c418-4815-bf37-bc6d0346c9c5', N'ApplicationUser')
INSERT [dbo].[IdentityUsers] ([Id], [UserName], [PasswordHash], [SecurityStamp], [Discriminator]) VALUES (N'a663876f-123f-4539-a165-f3c686cbca6c', N'user2', N'ADQDZYgLG7viTLjQbT7fDJ0CdtxZL3Y1jDQxvWUpjoobadxPY/zEWpGdPjuETDvf7g==', N'efc4e568-add5-41a9-a674-f072e4273999', N'ApplicationUser')
INSERT [dbo].[IdentityUsers] ([Id], [UserName], [PasswordHash], [SecurityStamp], [Discriminator]) VALUES (N'c5a9fd7d-e610-47cf-9b5c-62a8f782e606', N'accountant3', N'AN7b+NyRJDu4UAfNTTRvg5ST2pXlhIIXz438oAnsB7u/E7dNlf5EwJUL260zJg/uoQ==', N'208b0052-9ee7-4b82-be5e-f0978f73330b', N'ApplicationUser')
INSERT [dbo].[IdentityUsers] ([Id], [UserName], [PasswordHash], [SecurityStamp], [Discriminator]) VALUES (N'd5aef665-59d3-4985-9694-631bbed76c0e', N'director3', N'AP9ThVqUlDpJ6gCMRIVrIQHk9cfJsz0MQoBzoztdno1zhCadWt3odqkBlyYr6YtV/A==', N'bbfa02ea-b08d-4c02-abb7-70ee597bccd3', N'ApplicationUser')
/****** Object:  Table [dbo].[IdentityUserRoles]    Script Date: 03/26/2014 19:17:26 ******/
SET ANSI_NULLS ON
GO
SET QUOTED_IDENTIFIER ON
GO
CREATE TABLE [dbo].[IdentityUserRoles](
	[RoleId] [nvarchar](128) NOT NULL,
	[UserId] [nvarchar](128) NOT NULL,
 CONSTRAINT [PK_dbo.IdentityUserRoles] PRIMARY KEY CLUSTERED 
(
	[RoleId] ASC,
	[UserId] ASC
)WITH (PAD_INDEX  = OFF, STATISTICS_NORECOMPUTE  = OFF, IGNORE_DUP_KEY = OFF, ALLOW_ROW_LOCKS  = ON, ALLOW_PAGE_LOCKS  = ON) ON [PRIMARY]
) ON [PRIMARY]
GO
UPDATE STATISTICS [dbo].[IdentityUserRoles]([IX_RoleId]) WITH STATS_STREAM = 0x0100000002000000000000000000000092A7B86F0000000058000000000000000000000000000000E7030400E7000000000100000000000015D0000061006700E7037300E7000000000100000000000015D00000F0BF6B07, ROWCOUNT = 10, PAGECOUNT = 1
GO
UPDATE STATISTICS [dbo].[IdentityUserRoles]([IX_UserId]) WITH STATS_STREAM = 0x0100000002000000000000000000000092A7B86F0000000058000000000000000000000000000000E7030400E7000000000100000000000015D0000061006700E7037300E7000000000100000000000015D00000F0BF6B07, ROWCOUNT = 10, PAGECOUNT = 1
GO
UPDATE STATISTICS [dbo].[IdentityUserRoles]([PK_dbo.IdentityUserRoles]) WITH STATS_STREAM = 0x0100000002000000000000000000000092A7B86F0000000058000000000000000000000000000000E7030400E7000000000100000000000015D0000061006700E7037300E7000000000100000000000015D00000F0BF6B07, ROWCOUNT = 10, PAGECOUNT = 1
GO
INSERT [dbo].[IdentityUserRoles] ([RoleId], [UserId]) VALUES (N'13b76d90-6479-4bcf-81e7-8023436cdc19', N'02b41a15-ea58-4c37-8326-4cadef2a263e')
INSERT [dbo].[IdentityUserRoles] ([RoleId], [UserId]) VALUES (N'd2abfecc-818d-4c72-aa91-8b317d8487d1', N'34389ef2-dae4-4d8c-97ae-35b20af976be')
INSERT [dbo].[IdentityUserRoles] ([RoleId], [UserId]) VALUES (N'114e79c0-3da6-47a2-9e56-9befde3f86ca', N'408b76cc-5fc5-4aee-ae10-c1b4206dd8bb')
INSERT [dbo].[IdentityUserRoles] ([RoleId], [UserId]) VALUES (N'd3bb5e57-899d-4ff8-ab83-c7c54595e3f4', N'55855b0a-8366-467e-8d8d-bf47e8c644ee')
INSERT [dbo].[IdentityUserRoles] ([RoleId], [UserId]) VALUES (N'13b76d90-6479-4bcf-81e7-8023436cdc19', N'70cbeec5-ab0b-419d-b3cc-51bf09801108')
INSERT [dbo].[IdentityUserRoles] ([RoleId], [UserId]) VALUES (N'd2abfecc-818d-4c72-aa91-8b317d8487d1', N'82d0ecc9-f110-4d58-a56d-9f05555e3765')
INSERT [dbo].[IdentityUserRoles] ([RoleId], [UserId]) VALUES (N'd3bb5e57-899d-4ff8-ab83-c7c54595e3f4', N'a1eadc3b-982e-4e80-bb22-f7db9860b81c')
INSERT [dbo].[IdentityUserRoles] ([RoleId], [UserId]) VALUES (N'd3bb5e57-899d-4ff8-ab83-c7c54595e3f4', N'a663876f-123f-4539-a165-f3c686cbca6c')
INSERT [dbo].[IdentityUserRoles] ([RoleId], [UserId]) VALUES (N'13b76d90-6479-4bcf-81e7-8023436cdc19', N'c5a9fd7d-e610-47cf-9b5c-62a8f782e606')
INSERT [dbo].[IdentityUserRoles] ([RoleId], [UserId]) VALUES (N'd2abfecc-818d-4c72-aa91-8b317d8487d1', N'd5aef665-59d3-4985-9694-631bbed76c0e')
/****** Object:  Table [dbo].[IdentityUserLogins]    Script Date: 03/26/2014 19:17:26 ******/
SET ANSI_NULLS ON
GO
SET QUOTED_IDENTIFIER ON
GO
CREATE TABLE [dbo].[IdentityUserLogins](
	[UserId] [nvarchar](128) NOT NULL,
	[LoginProvider] [nvarchar](max) NULL,
	[ProviderKey] [nvarchar](max) NULL,
	[User_Id] [nvarchar](128) NULL,
 CONSTRAINT [PK_dbo.IdentityUserLogins] PRIMARY KEY CLUSTERED 
(
	[UserId] ASC
)WITH (PAD_INDEX  = OFF, STATISTICS_NORECOMPUTE  = OFF, IGNORE_DUP_KEY = OFF, ALLOW_ROW_LOCKS  = ON, ALLOW_PAGE_LOCKS  = ON) ON [PRIMARY]
) ON [PRIMARY]
GO
UPDATE STATISTICS [dbo].[IdentityUserLogins]([IX_User_Id]) WITH STATS_STREAM = 0x01000000020000000000000000000000F7ACC1060000000058000000000000000000000000000000E7020400E7000000000100000000000015D0000061006700E7037300E7000000000100000000000015D00000F0BF6B07, ROWCOUNT = 0, PAGECOUNT = 0
GO
UPDATE STATISTICS [dbo].[IdentityUserLogins]([PK_dbo.IdentityUserLogins]) WITH STATS_STREAM = 0x010000000100000000000000000000005540E8600000000040000000000000000000000000000000E7030000E7000000000100000000000015D0000008018019, ROWCOUNT = 0, PAGECOUNT = 0
GO
/****** Object:  Table [dbo].[IdentityUserClaims]    Script Date: 03/26/2014 19:17:26 ******/
SET ANSI_NULLS ON
GO
SET QUOTED_IDENTIFIER ON
GO
CREATE TABLE [dbo].[IdentityUserClaims](
	[Id] [int] IDENTITY(1,1) NOT NULL,
	[ClaimType] [nvarchar](max) NULL,
	[ClaimValue] [nvarchar](max) NULL,
	[User_Id] [nvarchar](128) NULL,
 CONSTRAINT [PK_dbo.IdentityUserClaims] PRIMARY KEY CLUSTERED 
(
	[Id] ASC
)WITH (PAD_INDEX  = OFF, STATISTICS_NORECOMPUTE  = OFF, IGNORE_DUP_KEY = OFF, ALLOW_ROW_LOCKS  = ON, ALLOW_PAGE_LOCKS  = ON) ON [PRIMARY]
) ON [PRIMARY]
GO
UPDATE STATISTICS [dbo].[IdentityUserClaims]([IX_User_Id]) WITH STATS_STREAM = 0x01000000020000000000000000000000EBFB8DB90000000058000000000000000000000000000000E7026B07E7000000000100000000000015D0000000000000380300003800000004000A00000000000000000000000000, ROWCOUNT = 0, PAGECOUNT = 0
GO
UPDATE STATISTICS [dbo].[IdentityUserClaims]([PK_dbo.IdentityUserClaims]) WITH STATS_STREAM = 0x01000000010000000000000000000000BE71C6750000000040000000000000000000000000000000380300003800000004000A00000000000000000008018019, ROWCOUNT = 0, PAGECOUNT = 0
GO
/****** Object:  Table [dbo].[Applications]    Script Date: 03/26/2014 19:17:26 ******/
SET ANSI_NULLS ON
GO
SET QUOTED_IDENTIFIER ON
GO
CREATE TABLE [dbo].[Applications](
	[Id] [uniqueidentifier] NOT NULL,
	[RequestedMoney] [float] NOT NULL,
	[ProductCategoryId] [uniqueidentifier] NOT NULL,
	[ApplicationUserId] [nvarchar](128) NOT NULL,
 CONSTRAINT [PK_dbo.Applications] PRIMARY KEY CLUSTERED 
(
	[Id] ASC
)WITH (PAD_INDEX  = OFF, STATISTICS_NORECOMPUTE  = OFF, IGNORE_DUP_KEY = OFF, ALLOW_ROW_LOCKS  = ON, ALLOW_PAGE_LOCKS  = ON) ON [PRIMARY]
) ON [PRIMARY]
GO
UPDATE STATISTICS [dbo].[Applications]([IX_ApplicationUserId]) WITH STATS_STREAM = 0x0100000002000000000000000000000098D648520000000058000000000000000000000000000000E703FFFFE7000000000100000000000015D000002800401924036B0724000000100000000000000000000000F0BF6B07, ROWCOUNT = 0, PAGECOUNT = 0
GO
UPDATE STATISTICS [dbo].[Applications]([IX_ProductCategoryId]) WITH STATS_STREAM = 0x01000000020000000000000000000000BA54C44300000000580000000000000000000000000000002403FFFF240000001000000000000000000000002800401924036B0724000000100000000000000000000000F0BF6B07, ROWCOUNT = 0, PAGECOUNT = 0
GO
UPDATE STATISTICS [dbo].[Applications]([PK_dbo.Applications]) WITH STATS_STREAM = 0x0100000001000000000000000000000014D8B9D60000000040000000000000000000000000000000240300002400000010000000000000000000000024000000, ROWCOUNT = 0, PAGECOUNT = 0
GO
/****** Object:  Table [dbo].[ApplicationLogs]    Script Date: 03/26/2014 19:17:26 ******/
SET ANSI_NULLS ON
GO
SET QUOTED_IDENTIFIER ON
GO
CREATE TABLE [dbo].[ApplicationLogs](
	[Id] [uniqueidentifier] NOT NULL,
	[ApplicationUserId] [nvarchar](128) NOT NULL,
	[ApplicationId] [uniqueidentifier] NOT NULL,
	[CreateDateTime] [datetime] NOT NULL,
	[ApplicationLogStatusId] [uniqueidentifier] NOT NULL,
 CONSTRAINT [PK_dbo.ApplicationLogs] PRIMARY KEY CLUSTERED 
(
	[Id] ASC
)WITH (PAD_INDEX  = OFF, STATISTICS_NORECOMPUTE  = OFF, IGNORE_DUP_KEY = OFF, ALLOW_ROW_LOCKS  = ON, ALLOW_PAGE_LOCKS  = ON) ON [PRIMARY]
) ON [PRIMARY]
GO
UPDATE STATISTICS [dbo].[ApplicationLogs]([IX_ApplicationId]) WITH STATS_STREAM = 0x01000000020000000000000000000000F2B28BA1000000005800000000000000000000000000000024036B07240000001000000000000000000000000000B000240300002400000010000000000000000000000000000000, ROWCOUNT = 0, PAGECOUNT = 0
GO
UPDATE STATISTICS [dbo].[ApplicationLogs]([IX_ApplicationLogStatusId]) WITH STATS_STREAM = 0x01000000020000000000000000000000F2B28BA1000000005800000000000000000000000000000024036B07240000001000000000000000000000000000B000240300002400000010000000000000000000000000000000, ROWCOUNT = 0, PAGECOUNT = 0
GO
UPDATE STATISTICS [dbo].[ApplicationLogs]([IX_ApplicationUserId]) WITH STATS_STREAM = 0x01000000020000000000000000000000D03007B00000000058000000000000000000000000000000E7036B07E7000000000100000000000015D000000000B000240300002400000010000000000000000000000000000000, ROWCOUNT = 0, PAGECOUNT = 0
GO
UPDATE STATISTICS [dbo].[ApplicationLogs]([PK_dbo.ApplicationLogs]) WITH STATS_STREAM = 0x010000000100000000000000000000002618AEAA0000000040000000000000000000000000000000240300002400000010000000000000000000000008018819, ROWCOUNT = 0, PAGECOUNT = 0
GO
/****** Object:  ForeignKey [FK_dbo.ApplicationLogs_dbo.ApplicationLogStatus_ApplicationLogStatusId]    Script Date: 03/26/2014 19:17:26 ******/
ALTER TABLE [dbo].[ApplicationLogs]  WITH CHECK ADD  CONSTRAINT [FK_dbo.ApplicationLogs_dbo.ApplicationLogStatus_ApplicationLogStatusId] FOREIGN KEY([ApplicationLogStatusId])
REFERENCES [dbo].[ApplicationLogStatus] ([Id])
ON DELETE CASCADE
GO
ALTER TABLE [dbo].[ApplicationLogs] CHECK CONSTRAINT [FK_dbo.ApplicationLogs_dbo.ApplicationLogStatus_ApplicationLogStatusId]
GO
/****** Object:  ForeignKey [FK_dbo.ApplicationLogs_dbo.Applications_ApplicationId]    Script Date: 03/26/2014 19:17:26 ******/
ALTER TABLE [dbo].[ApplicationLogs]  WITH CHECK ADD  CONSTRAINT [FK_dbo.ApplicationLogs_dbo.Applications_ApplicationId] FOREIGN KEY([ApplicationId])
REFERENCES [dbo].[Applications] ([Id])
ON DELETE CASCADE
GO
ALTER TABLE [dbo].[ApplicationLogs] CHECK CONSTRAINT [FK_dbo.ApplicationLogs_dbo.Applications_ApplicationId]
GO
/****** Object:  ForeignKey [FK_dbo.ApplicationLogs_dbo.IdentityUsers_ApplicationUserId]    Script Date: 03/26/2014 19:17:26 ******/
ALTER TABLE [dbo].[ApplicationLogs]  WITH CHECK ADD  CONSTRAINT [FK_dbo.ApplicationLogs_dbo.IdentityUsers_ApplicationUserId] FOREIGN KEY([ApplicationUserId])
REFERENCES [dbo].[IdentityUsers] ([Id])
GO
ALTER TABLE [dbo].[ApplicationLogs] CHECK CONSTRAINT [FK_dbo.ApplicationLogs_dbo.IdentityUsers_ApplicationUserId]
GO
/****** Object:  ForeignKey [FK_dbo.Applications_dbo.IdentityUsers_ApplicationUserId]    Script Date: 03/26/2014 19:17:26 ******/
ALTER TABLE [dbo].[Applications]  WITH CHECK ADD  CONSTRAINT [FK_dbo.Applications_dbo.IdentityUsers_ApplicationUserId] FOREIGN KEY([ApplicationUserId])
REFERENCES [dbo].[IdentityUsers] ([Id])
ON DELETE CASCADE
GO
ALTER TABLE [dbo].[Applications] CHECK CONSTRAINT [FK_dbo.Applications_dbo.IdentityUsers_ApplicationUserId]
GO
/****** Object:  ForeignKey [FK_dbo.Applications_dbo.ProductCategories_ProductCategoryId]    Script Date: 03/26/2014 19:17:26 ******/
ALTER TABLE [dbo].[Applications]  WITH CHECK ADD  CONSTRAINT [FK_dbo.Applications_dbo.ProductCategories_ProductCategoryId] FOREIGN KEY([ProductCategoryId])
REFERENCES [dbo].[ProductCategories] ([Id])
ON DELETE CASCADE
GO
ALTER TABLE [dbo].[Applications] CHECK CONSTRAINT [FK_dbo.Applications_dbo.ProductCategories_ProductCategoryId]
GO
/****** Object:  ForeignKey [FK_dbo.IdentityUserClaims_dbo.IdentityUsers_User_Id]    Script Date: 03/26/2014 19:17:26 ******/
ALTER TABLE [dbo].[IdentityUserClaims]  WITH CHECK ADD  CONSTRAINT [FK_dbo.IdentityUserClaims_dbo.IdentityUsers_User_Id] FOREIGN KEY([User_Id])
REFERENCES [dbo].[IdentityUsers] ([Id])
GO
ALTER TABLE [dbo].[IdentityUserClaims] CHECK CONSTRAINT [FK_dbo.IdentityUserClaims_dbo.IdentityUsers_User_Id]
GO
/****** Object:  ForeignKey [FK_dbo.IdentityUserLogins_dbo.IdentityUsers_User_Id]    Script Date: 03/26/2014 19:17:26 ******/
ALTER TABLE [dbo].[IdentityUserLogins]  WITH CHECK ADD  CONSTRAINT [FK_dbo.IdentityUserLogins_dbo.IdentityUsers_User_Id] FOREIGN KEY([User_Id])
REFERENCES [dbo].[IdentityUsers] ([Id])
GO
ALTER TABLE [dbo].[IdentityUserLogins] CHECK CONSTRAINT [FK_dbo.IdentityUserLogins_dbo.IdentityUsers_User_Id]
GO
/****** Object:  ForeignKey [FK_dbo.IdentityUserRoles_dbo.IdentityRoles_RoleId]    Script Date: 03/26/2014 19:17:26 ******/
ALTER TABLE [dbo].[IdentityUserRoles]  WITH CHECK ADD  CONSTRAINT [FK_dbo.IdentityUserRoles_dbo.IdentityRoles_RoleId] FOREIGN KEY([RoleId])
REFERENCES [dbo].[IdentityRoles] ([Id])
ON DELETE CASCADE
GO
ALTER TABLE [dbo].[IdentityUserRoles] CHECK CONSTRAINT [FK_dbo.IdentityUserRoles_dbo.IdentityRoles_RoleId]
GO
/****** Object:  ForeignKey [FK_dbo.IdentityUserRoles_dbo.IdentityUsers_UserId]    Script Date: 03/26/2014 19:17:26 ******/
ALTER TABLE [dbo].[IdentityUserRoles]  WITH CHECK ADD  CONSTRAINT [FK_dbo.IdentityUserRoles_dbo.IdentityUsers_UserId] FOREIGN KEY([UserId])
REFERENCES [dbo].[IdentityUsers] ([Id])
ON DELETE CASCADE
GO
ALTER TABLE [dbo].[IdentityUserRoles] CHECK CONSTRAINT [FK_dbo.IdentityUserRoles_dbo.IdentityUsers_UserId]
GO
